global_bar,layer,local_bar,entries,mean_ns,stddev_ns,stddev_error_ns,underflow,overflow,status
0,1,0,0,,,,0,0,insufficient_entries
1,1,1,0,,,,0,0,insufficient_entries
2,1,2,6,-30.130513408,5.81572980965,1.67885658557,0,0,insufficient_entries
3,1,3,12,-29.3382028937,4.6272741706,0.944538384827,0,0,insufficient_entries
4,1,4,8,-28.8416439335,3.50110361718,0.875275904295,0,0,insufficient_entries
5,1,5,7,-30.9692816614,4.67907566283,1.25053557265,0,0,insufficient_entries
6,1,6,11,-32.7161470495,4.30926160646,0.91873766146,0,0,insufficient_entries
7,1,7,0,,,,0,0,insufficient_entries
8,1,8,23,-29.6863584158,5.50446182561,0.811588619149,0,0,insufficient_entries
9,1,9,23,-28.6276683138,5.60115866912,0.825845790909,0,0,insufficient_entries
10,1,10,74,-28.7530628439,5.3665906743,0.441131036069,0,0,accepted
11,1,11,53,-28.5801065997,5.08769425354,0.494160550046,0,0,accepted
12,1,12,58,-29.0654926471,5.47554678249,0.50839175574,0,0,accepted
13,1,13,101,-28.5509123638,5.14386144611,0.361920828392,0,0,accepted
14,1,14,119,-28.0089216534,5.14482800021,0.333489666677,0,0,accepted
15,1,15,132,-28.3831985943,4.9510639217,0.304716920028,0,0,accepted
16,1,16,54,-29.3696264871,5.73985802641,0.55231809611,0,0,accepted
17,1,17,76,-28.4114495627,4.98114232123,0.404023993102,0,0,accepted
18,1,18,61,-30.0825287842,5.71774086093,0.517659934522,0,0,accepted
19,1,19,17,-27.7585324615,4.29209641901,0.736088463156,0,0,insufficient_entries
20,1,20,66,-30.6168271282,5.90080194998,0.513598885855,0,0,accepted
21,1,21,61,-27.7501560688,4.73292278859,0.428498695627,0,0,accepted
22,1,22,11,-23.0900700465,5.52872625485,1.17872839807,0,0,insufficient_entries
23,1,23,54,-27.4513697433,5.16229653416,0.496742215606,0,0,accepted
24,1,24,2,-33.6929576952,0.240261929399,0.1201309647,0,0,insufficient_entries
25,1,25,484,-27.5518880439,5.99839431496,0.192795695288,0,0,accepted
26,1,26,525,-28.6493802492,5.72235704068,0.176595772211,0,0,accepted
27,1,27,1010,-28.2697772487,5.48369831395,0.122010686106,0,0,accepted
28,1,28,1210,-26.9207159362,5.82541575568,0.11841841479,0,0,accepted
29,1,29,531,-27.2526541287,5.956816987,0.18278981739,0,0,accepted
30,1,30,480,-27.5744592774,5.64641589783,0.182237289484,0,0,accepted
31,1,31,373,-28.5181627701,5.55125989675,0.203246065295,0,0,accepted
32,1,32,972,-26.75765849,5.81081379687,0.131791933265,0,0,accepted
33,1,33,251,-27.8811383434,5.59254957027,0.249607702947,0,0,accepted
34,1,34,340,-29.0023318542,5.86944409934,0.225082906409,0,0,accepted
35,1,35,908,-28.0848387394,5.95880396353,0.139830263444,0,0,accepted
36,1,36,639,-29.0273860571,5.59499477598,0.156507177192,0,0,accepted
37,1,37,631,-26.920799924,6.14739346667,0.173045907895,0,0,accepted
38,1,38,124,-27.63294773,6.22273362684,0.395143980448,0,0,accepted
39,1,39,5,-35.5963737735,3.41393070631,1.07957968059,0,0,insufficient_entries
40,1,40,0,,,,0,0,insufficient_entries
41,1,41,0,,,,0,0,insufficient_entries
42,1,42,0,,,,0,0,insufficient_entries
43,1,43,0,,,,0,0,insufficient_entries
44,1,44,6,-31.5665028117,3.54355456217,1.02293609018,0,0,insufficient_entries
45,1,45,14,-29.2202776478,5.00888066366,0.946589470204,0,0,insufficient_entries
46,1,46,5,-23.6554688625,7.07137033168,2.23616364267,0,0,insufficient_entries
47,1,47,7,-31.3161103614,5.91571089363,1.58104024023,0,0,insufficient_entries
48,1,48,6,-29.9843274936,3.76893725995,1.0879984708,0,0,insufficient_entries
49,1,49,9,-27.963128201,5.50134532142,1.29667952748,0,0,insufficient_entries
50,1,50,29,-26.4818669161,5.86228940924,0.769756310718,0,0,insufficient_entries
51,1,51,1,,,,0,0,insufficient_entries
52,1,52,20,-28.6959330935,5.6702397309,0.896543621441,0,0,insufficient_entries
53,1,53,11,-25.5601843198,6.02250186452,1.28400171177,0,0,insufficient_entries
54,1,54,15,-28.9252106266,2.7314032377,0.498683722311,0,0,insufficient_entries
55,1,55,14,-30.3942929568,5.62280137592,1.06260957944,0,0,insufficient_entries
56,1,56,65,-29.8433520638,5.03652359342,0.441732340703,0,0,accepted
57,1,57,62,-30.9949569004,5.63535088224,0.506069448615,0,0,accepted
58,1,58,59,-29.2727494303,5.34571116824,0.49211260161,0,0,accepted
59,1,59,14,-31.2454716466,5.83662509873,1.1030184648,0,0,insufficient_entries
60,1,60,59,-28.9744483815,5.49373084998,0.505738917805,0,0,accepted
61,1,61,8,-32.611484435,3.3220505832,0.8305126458,0,0,insufficient_entries
62,1,62,49,-29.713238234,5.9212878023,0.598140394052,0,0,accepted
63,1,63,10,-31.0137402535,3.73288433294,0.83469831206,0,0,insufficient_entries
64,1,64,62,-27.7076862249,5.65190811306,0.507556331837,0,0,accepted
65,1,65,63,-27.2317712672,5.9769806943,0.532471761081,0,0,accepted
66,1,66,203,-27.1111286164,6.28353845751,0.311846777564,0,0,accepted
67,1,67,188,-28.6911952851,5.31560189937,0.274131236783,0,0,accepted
68,1,68,592,-27.3068350642,5.72901640611,0.166496157384,0,0,accepted
69,1,69,87,-28.0680999214,5.11201243615,0.387540662659,0,0,accepted
70,1,70,0,,,,0,0,insufficient_entries
71,1,71,163,-28.3777942944,5.67097745924,0.314086392238,0,0,accepted
72,1,72,24,-34.9953076507,4.51909137178,0.652274654998,0,0,insufficient_entries
73,1,73,228,-29.3570579564,5.79039334642,0.271160012587,0,0,accepted
74,1,74,368,-27.4849656019,5.58992271514,0.206047284969,0,0,accepted
75,1,75,240,-27.3105955123,5.54319350743,0.253011010387,0,0,accepted
76,1,76,551,-28.3636428703,5.17947136723,0.156025160973,0,0,accepted
77,1,77,952,-27.2896396145,5.98311016816,0.137117702468,0,0,accepted
78,1,78,630,-26.9326884544,5.38347079934,0.151662108376,0,0,accepted
79,1,79,1015,-26.2238259078,5.9197401002,0.131387673005,0,0,accepted
80,1,80,520,-26.8644589257,6.24649285887,0.193695520966,0,0,accepted
81,1,81,6,-28.9146265006,5.16160279896,1.49002638272,0,0,insufficient_entries
82,1,82,0,,,,0,0,insufficient_entries
83,1,83,0,,,,0,0,insufficient_entries
84,2,0,0,,,,0,0,insufficient_entries
85,2,1,0,,,,0,0,insufficient_entries
86,2,2,8,-26.4909334595,5.73978192873,1.43494548218,0,0,insufficient_entries
87,2,3,9,-32.4347372261,5.14472728855,1.21262385103,0,0,insufficient_entries
88,2,4,7,-29.4471066616,4.28863535628,1.14618601143,0,0,insufficient_entries
89,2,5,5,-27.1528778699,3.97461151156,1.25688251908,0,0,insufficient_entries
90,2,6,10,-30.5334678157,5.05213259325,1.12969119098,0,0,insufficient_entries
91,2,7,10,-26.6678530984,8.14967021208,1.82232165884,0,0,insufficient_entries
92,2,8,20,-28.1052613625,4.70971488257,0.744671307946,0,0,insufficient_entries
93,2,9,20,-26.6296251099,5.74431758397,0.908256358436,0,0,insufficient_entries
94,2,10,80,-26.6277815745,5.92717273145,0.468584147916,0,0,accepted
95,2,11,77,-26.0762976956,5.83516689532,0.470211148317,0,0,accepted
96,2,12,34,-29.022748044,4.70471127409,0.570530044739,0,0,accepted
97,2,13,110,-26.5053850627,6.10560926131,0.411640092423,0,0,accepted
98,2,14,105,-28.8480293894,4.7972513756,0.331041795381,0,0,accepted
99,2,15,123,-28.1759614472,4.89396905806,0.312028070587,0,0,accepted
100,2,16,42,-26.8413638178,4.65785616609,0.508213772793,0,0,accepted
101,2,17,63,-27.3079506599,4.93920503227,0.440019356995,0,0,accepted
102,2,18,48,-28.655241018,4.40303679592,0.449383061196,0,0,accepted
103,2,19,17,-28.0836704246,6.22771263373,1.06804390536,0,0,insufficient_entries
104,2,20,57,-27.6957195804,5.66764441211,0.530823534148,0,0,accepted
105,2,21,49,-29.8768722599,5.30868654995,0.536258322666,0,0,accepted
106,2,22,8,-29.2476439887,7.14977589601,1.787443974,0,0,insufficient_entries
107,2,23,34,-28.5828023447,5.12908467399,0.621992878635,0,0,accepted
108,2,24,21,-26.9874007376,6.24509284523,0.963638746843,0,0,insufficient_entries
109,2,25,311,-26.8150838203,4.5414935784,0.182097302364,0,0,accepted
110,2,26,541,-27.8978843031,4.88080391795,0.148380807501,0,0,accepted
111,2,27,723,-29.1827997928,5.15342009775,0.135522498691,0,0,accepted
112,2,28,1208,-28.8945178742,5.45551894333,0.110990958817,0,0,accepted
113,2,29,674,-28.3150984295,5.69131399283,0.15501281407,0,0,accepted
114,2,30,577,-27.1872272536,4.98398587126,0.146714790594,0,0,accepted
115,2,31,449,-28.1451105634,5.08830350608,0.16979888723,0,0,accepted
116,2,32,1036,-28.3924464614,5.55658755103,0.122071220296,0,0,accepted
117,2,33,464,-29.0940889778,5.54125842235,0.181900719248,0,0,accepted
118,2,34,258,-29.1854219073,5.31564359247,0.234008160935,0,0,accepted
119,2,35,992,-28.9601414378,5.41263794273,0.121517309058,0,0,accepted
120,2,36,799,-27.6283741842,5.88127673972,0.147123899683,0,0,accepted
121,2,37,919,-26.3164364479,6.19458270561,0.144490502748,0,0,accepted
122,2,38,622,-26.4405346072,6.11474550961,0.173367703592,0,0,accepted
123,2,39,36,-28.4251472116,5.10271218763,0.601360398386,0,0,accepted
124,2,40,0,,,,0,0,insufficient_entries
125,2,41,0,,,,0,0,insufficient_entries
126,2,42,0,,,,0,0,insufficient_entries
127,2,43,0,,,,0,0,insufficient_entries
128,2,44,11,-30.8540843251,2.70416881841,0.57653072923,0,0,insufficient_entries
129,2,45,16,-26.4364253802,5.80077511911,1.02544185571,0,0,insufficient_entries
130,2,46,1,,,,0,0,insufficient_entries
131,2,47,11,-28.0398219984,4.30517509674,0.917866414661,0,0,insufficient_entries
132,2,48,7,-32.511608106,3.8210810819,1.0212268754,0,0,insufficient_entries
133,2,49,2,-29.9158313149,2.58803628884,1.29401814442,0,0,insufficient_entries
134,2,50,30,-30.1993682877,5.05746104874,0.652915413862,0,0,accepted
135,2,51,14,-27.7919652401,5.72873033002,1.0826282701,0,0,insufficient_entries
136,2,52,0,,,,0,0,insufficient_entries
137,2,53,0,,,,0,0,insufficient_entries
138,2,54,20,-28.8027412401,4.73905050095,0.749309676479,0,0,insufficient_entries
139,2,55,31,-27.9086005938,3.75892359036,0.47738377336,0,0,accepted
140,2,56,78,-26.7781385287,5.98307421452,0.479029314025,0,0,accepted
141,2,57,68,-26.8255246322,5.08381878844,0.435933864669,0,0,accepted
142,2,58,62,-27.2263859537,5.86249125247,0.526467256014,0,0,accepted
143,2,59,26,-26.3027210442,6.23104617138,0.864090633488,0,0,insufficient_entries
144,2,60,61,-25.5082851199,4.74824246767,0.429885674201,0,0,accepted
145,2,61,19,-28.7723791013,5.25963468784,0.853225413689,0,0,insufficient_entries
146,2,62,45,-29.5264194716,5.82024422057,0.613507609181,0,0,accepted
147,2,63,23,-32.3380784807,4.67859941366,0.689821849615,0,0,insufficient_entries
148,2,64,73,-29.8537693212,5.4660971694,0.452377420506,0,0,accepted
149,2,65,58,-29.4313278474,4.57383773864,0.424670172822,0,0,accepted
150,2,66,173,-30.1338829618,4.94347353477,0.265762783688,0,0,accepted
151,2,67,275,-28.4461418817,4.90553521351,0.209172724325,0,0,accepted
152,2,68,612,-28.6083515218,5.45720082314,0.155983703334,0,0,accepted
153,2,69,275,-29.3393443999,5.35308174557,0.228256172573,0,0,accepted
154,2,70,23,-30.7458043175,5.76974171308,0.850702004686,0,0,insufficient_entries
155,2,71,0,,,,0,0,insufficient_entries
156,2,72,37,-27.8388262238,5.10285798355,0.593195191433,0,0,accepted
157,2,73,40,-29.7643136341,6.94756591177,0.776761482843,0,0,accepted
158,2,74,188,-28.9445637916,5.98692787183,0.308752230341,0,0,accepted
159,2,75,92,-28.8623703743,6.31671457076,0.465674376392,0,0,accepted
160,2,76,587,-28.1687922497,5.20472061729,0.151901958608,0,0,accepted
161,2,77,772,-28.0971964676,5.32147460211,0.135427962852,0,0,accepted
162,2,78,560,-28.3139765483,5.47510310293,0.163599996692,0,0,accepted
163,2,79,667,-27.8425891584,4.99651643304,0.13680104198,0,0,accepted
164,2,80,299,-28.9318574195,4.86013885913,0.198745857659,0,0,accepted
165,2,81,45,-28.190546084,5.4173695465,0.571040889792,0,0,accepted
166,2,82,0,,,,0,0,insufficient_entries
167,2,83,0,,,,0,0,insufficient_entries
